https://integrativemedicine.us/locations/,,,,,,,,,,,,,,,,,,
https://1stchoiceacupuncture.com/,,,,,,,,,,,,,,,,,,
https://www.lionsheartwellness.com/,lionsheartwellness@gmail.com,LionsHeartWellness@gmail.com,,,,,,,,,,,,,,,,
https://ebacupuncture.com/,info@ebacupuncture.com,,,,,,,,,,,,,,,,,
https://acusportstherapy.net/,holly@acusportstherapy.net,,,,,,,,,,,,,,,,,
https://floridacompletewellness.com/,fduro@floridacompletewellness.com,info@floridacompletewellness.com,,,,,,,,,,,,,,,,
https://www.sohoacupuncturecenter.com/,,,,,,,,,,,,,,,,,,
https://cloud9acuclinic.com/,%5bno%20address%20given%5d,,,,,,,,,,,,,,,,,
https://www.opawellness.com/,info@opawellness.com,,,,,,,,,,,,,,,,,
https://healingpointacupunctureclinic.com/,contact@classicacu.com,,,,,,,,,,,,,,,,,
https://amalunawellness.com/,Caitlin@AmalunaWellness.com,,,,,,,,,,,,,,,,,
https://www.rockymountainacu.com/,info@rockymountainacu.com,%20info@rockymountainacu.com,20info@rockymountainacu.com,,,,,,,,,,,,,,,
https://karenborla.com/,,,,,,,,,,,,,,,,,,
https://www.drkaraaculand.com/,info@drkaraaculand.com,karamoramarco@gmail.com,,,,,,,,,,,,,,,,
https://www.ballardacucenter.com/,info@ballardacucenter.com,,,,,,,,,,,,,,,,,
https://acuwellcenter.com/,,,,,,,,,,,,,,,,,,
https://shenclinic.com/,info@shenclinic.com,sales@shenclinic.com,questions@shenclinic.com,sales@drshen.com,questions@drshen.com,,,,,,,,,,,,,
https://www.summitsportsacupuncture.com/,info@summitsportsacupuncture.com,elev8acu@gmail.com,,,,,,,,,,,,,,,,
https://www.stratfordacupuncture.com/,joe@stratfordacupuncture.com,,,,,,,,,,,,,,,,,
http://www.sweetbeetacupuncture.com/,jacqueline@sweetbeetacupuncture.com,jacqueline@sweetbeetandgreenbean.net,,,,,,,,,,,,,,,,
https://www.manciniacupuncture.com/,info@manciniacupuncture.com,info@centerforintegrativecare.com,,,,,,,,,,,,,,,,
https://uptownacupuncture.net/,info@uptownacupuncture.net,,,,,,,,,,,,,,,,,
https://www.fosterwellness.com/,info@fosterwellness.com,,,,,,,,,,,,,,,,,
https://heavenandearthacu.com/,info@heavenandearthacu.com,,,,,,,,,,,,,,,,,
https://chadjohnsonacupuncture.com/,office@chadjohnsonacupuncture.com,//office@chadjohnsonacupuncture.com,,,,,,,,,,,,,,,,
https://accurateacupunctureaz.com/,accurateacupunctureaz@gmail.com,,,,,,,,,,,,,,,,,
https://balancepointacu.com/,davejing@earthlink.net,,,,,,,,,,,,,,,,,
https://endpointwellness.com/,jeff@endpointwellness.com,,,,,,,,,,,,,,,,,
https://startingpointacupuncture.com/,,,,,,,,,,,,,,,,,,
https://www.accessacupuncture.com/,info@accessacupuncture.com,,,,,,,,,,,,,,,,,
https://acupuncturewilliamsburg.com/,info@acupuncturewilliamsburg.com,,,,,,,,,,,,,,,,,
https://www.anewlifeacupuncture.com/,anewlifeacupuncture@gmail.com,ANewLifeAcupuncture@gmail.com,,,,,,,,,,,,,,,,
https://www.soulpotentialacu.com/,,,,,,,,,,,,,,,,,,
http://vitahealthmedspa.com/,mail@vitahealthmedspa.com,,,,,,,,,,,,,,,,,
https://www.radiantearthacupuncture.com/,callieranae@gmail.com,,,,,,,,,,,,,,,,,
https://www.theorigincenter.com/,info@theorigincenter.com,,,,,,,,,,,,,,,,,
https://www.awclinic.com/,,,,,,,,,,,,,,,,,,
https://middlewaymedicine.com/,clark@middlewaymedicine.com,ann@middlewaymedicine.com,ryder@middlewaymedicine.com,Jen@middlewaymedicine.com,,,,,,,,,,,,,,
https://www.healthdiscoveryacupuncture.com/,info.healthdiscovery@gmail.com,healthdiscovery@gmail.com,,,,,,,,,,,,,,,,
http://www.beckycastano.com/,npacupuncture@gmail.com,,,,,,,,,,,,,,,,,
http://www.kwaifah.com/,info@kwaifahacupuncture.com,,,,,,,,,,,,,,,,,
https://www.discoverthepulse.com/,discoverthepulse@gmail.com,wixofday@wix.com,,,,,,,,,,,,,,,,
https://www.drchristinafick.com/,drchristinafick@gmail.com,support@riiwards.com,DrChristinaFick@gmail.com,,,,,,,,,,,,,,,
http://danecountyfamilyacupuncture.com/,,,,,,,,,,,,,,,,,,
https://www.thealternativeclinic.org/,,,,,,,,,,,,,,,,,,
http://www.reddooracupuncture.com/,,,,,,,,,,,,,,,,,,
https://www.shineacupuncture.com/,shannon@shineacupuncture.com,patrick@shineacupuncture.com,caperton@gmail.com,,,,,,,,,,,,,,,
https://www.inneroceancenterforhealing.com/,,,,,,,,,,,,,,,,,,
https://www.integratedacupuncture.com/,,,,,,,,,,,,,,,,,,
https://fullscript.com/integrations/unified-practice/,,,,,,,,,,,,,,,,,,
https://palmbeachacu.com/,palmbeachacupuncture@gmail.com,,,,,,,,,,,,,,,,,
https://acupunctureinwilmington.com/,Infinity@acupunctureinwilmington.com,,,,,,,,,,,,,,,,,
https://www.truehealthacupuncturelv.com/,Truehealthacupuncturelv@gmail.com,stueberangela@gmail.com ,stueberangela@gmail.com,,,,,,,,,,,,,,,
https://maryabadiei.com/,info@maryabadiei.com,,,,,,,,,,,,,,,,,
https://www.evergreenacupunctureclinic.com/,info@evergreenacupunctureclinic.com,,,,,,,,,,,,,,,,,
https://essentialhealthacu.com/,,,,,,,,,,,,,,,,,,
https://wellnessatthecenter.com/,info@wellnessatthecenter.com,,,,,,,,,,,,,,,,,
http://snowlilyclinic.com/,ming@snowlilyclinic.com,,,,,,,,,,,,,,,,,
http://www.phillysportsacupuncture.com/,acusport@gmail.com,alexbrazinski@gmail.com,,,,,,,,,,,,,,,,
http://acupuncturecoralsprings.org/,,,,,,,,,,,,,,,,,,
https://www.acupb.com/,info@acupb.com,,,,,,,,,,,,,,,,,
https://www.smilingacupuncture.com/,smilingacupuncture@gmail.com,,,,,,,,,,,,,,,,,
https://www.kelseylowitz.com/,,,,,,,,,,,,,,,,,,
https://eventidewellness.com/,liana@eventidewellness.com,,,,,,,,,,,,,,,,,
https://www.acutopia.com/,,,,,,,,,,,,,,,,,,
http://vennacupuncture.com/,,,,,,,,,,,,,,,,,,
https://noblewellness.net/,,,,,,,,,,,,,,,,,,
https://www.abbypaloma.com/,abby@abbypaloma.com,,,,,,,,,,,,,,,,,
http://energyendeavor.com/,info@energyendeavor.com,,,,,,,,,,,,,,,,,
https://seadragonacupuncture.com/,cinda@seadragonacupuncture.com,,,,,,,,,,,,,,,,,
https://www.rxacupuncture.com/,RxAcu@gmail.com,Info@RxAcupuncture.com,,,,,,,,,,,,,,,,
http://www.tothepointacupuncturesd.com/,tothepointacupuncturesandiego@gmail.com,ToThePointAcupunctureSanDiego@gmail.com,,,,,,,,,,,,,,,,
https://lifesparkfertilityacupuncture.com/,,,,,,,,,,,,,,,,,,
https://northcountyacu.com/,northcountyacu@cox.net,,,,,,,,,,,,,,,,,
https://www.woodlandsacu.com/,,,,,,,,,,,,,,,,,,
https://www.livoniaacupuncture.com/,contact@livoniaacupuncture.com,,,,,,,,,,,,,,,,,
http://www.comfortacupuncture.com/,comfortacupuncture@gmail.com,,,,,,,,,,,,,,,,,
https://www.avalonacupuncture.com/,hello@avalonacupuncture.com,info@pregnantish.com,,,,,,,,,,,,,,,,
http://lanafarson.com/,lana@ingoodhealth.org,lanafarson@comcast.net,,,,,,,,,,,,,,,,
https://mankatoacupuncture.com/,info@mankatoacupuncture.com,,,,,,,,,,,,,,,,,
https://awakeningshealth.com/,info@awakeningshealth.com,,,,,,,,,,,,,,,,,
https://www.chinesemedicineofidaho.com/,sean@chinesemedicineofidaho.com,,,,,,,,,,,,,,,,,
https://kaiwellness.com/,info@kaiwellness.com,,,,,,,,,,,,,,,,,
http://acupunctureparkland.com/,,,,,,,,,,,,,,,,,,
https://www.drlorenalee.com/,,,,,,,,,,,,,,,,,,
https://serenityawc.com/,,,,,,,,,,,,,,,,,,
https://alcantaraacupuncture.com/why-epsom-salt-baths-are-the-highly-sensitive-persons-bff/,,,,,,,,,,,,,,,,,,
https://sunmoonacu.com/,,,,,,,,,,,,,,,,,,
https://acupunctureclinicfortcollins.com/,hello@acupunctureclinicfortcollins.com,info@acupunctureclinicfortcollins.com,,,,,,,,,,,,,,,,
https://www.goldenpointacupuncture.com/,info@goldenpointacupuncture.com,,,,,,,,,,,,,,,,,
https://rivergatenaturalhealthcare.com/,drklum@rivergatenaturalhealthcare.com,,,,,,,,,,,,,,,,,
https://www.silverliningacupuncture.com/,erica@silverliningacupuncture.com,silverliningacupuncture@gmail.com,,,,,,,,,,,,,,,,
https://www.perintonfamilyacupuncture.com/,renee@perintonfamilyacupuncture.com,,,,,,,,,,,,,,,,,
https://www.thesierrahealthcenter.com/,,,,,,,,,,,,,,,,,,
https://synergyacupuncture-nh.com/,,,,,,,,,,,,,,,,,,
https://www.taradiazwellness.com/,taradiazlac@gmail.com,,,,,,,,,,,,,,,,,
https://www.sikowitz.com/,Margaret@Sikowitz.com,margaret@sikowitz.com,,,,,,,,,,,,,,,,
https://alliancechiropracticwellness.com/,alliancechiropracticwellness@gmail.com,,,,,,,,,,,,,,,,,
http://acupuncturecoconutcreek.com/,,,,,,,,,,,,,,,,,,
http://sallyrappeport.com/,sally@sallyrappeportdot.com,,,,,,,,,,,,,,,,,
https://www.northshoreacupunctureandnaturalmedicine.com/,allison@northshoreacupunctureandnaturalmedicine.com,,,,,,,,,,,,,,,,,
https://www.jorymedicine.com/,info@jessejoryacupuncture.com,,,,,,,,,,,,,,,,,
http://acupuncture-seattle.com/,victoriabrill@hotmail.com,,,,,,,,,,,,,,,,,
http://ebacupuncture.blogspot.com/,info@ebacupuncture.com,,,,,,,,,,,,,,,,,
http://www.integrated-acupuncture.com/,integratedacupunctureherbs@gmail.com,,,,,,,,,,,,,,,,,
https://www.beththeodore.com/,,,,,,,,,,,,,,,,,,
http://compassrosesf.com/,j@compassrosesf.com,jeani@compassroseacupuncture.com,,,,,,,,,,,,,,,,
https://mauihealingcenter.com/,,,,,,,,,,,,,,,,,,
https://aomclinic.com/, aom@aomclinic.com,aom@aomclinic.com,,,,,,,,,,,,,,,,
https://www.naeemsacupuncture.com/,,,,,,,,,,,,,,,,,,
https://www.sfbayacupuncture.com/,Sfbayacupuncture@gmail.com,sfbayacupuncture@gmail.com,,,,,,,,,,,,,,,,
https://drmarylong.wixsite.com/acupuncture/,marylong@gmail.com,wixofday@wix.com,,,,,,,,,,,,,,,,
https://www.vitalisthealingtraditions.com/,,,,,,,,,,,,,,,,,,
https://www.nexteintegratedhealthcare.com/,nexteihclinic@gmail.com%20,nexteihclinic@gmail.com,nih@nexteintegratedhealthcare.com,,,,,,,,,,,,,,,
https://plantstreetacupuncture.com/,kim@plantstreetacupuncture.com,,,,,,,,,,,,,,,,,
https://www.wnyacuhealth.com/,,,,,,,,,,,,,,,,,,
https://irhealth.com/,office@irhealth.com,,,,,,,,,,,,,,,,,
http://www.carolineradice.com/,carolineradice@gmail.com,,,,,,,,,,,,,,,,,
https://mount-sunny.com/,info@mount-sunny.com,,,,,,,,,,,,,,,,,
https://www.sdsportsacu.com/,info@sdsportsacu.com,,,,,,,,,,,,,,,,,
https://www.getmedicinetree.com/,hello@getmedicinetree.com,getmedicinetree@gmail.com,Hello@getmedicinetree.com,,,,,,,,,,,,,,,
https://www.jayguanciacupuncture.com/,jay@jayguanciacupuncture.com,,,,,,,,,,,,,,,,,
https://www.littlesage.com/,info@littlesage.com,,,,,,,,,,,,,,,,,
https://www.silversageacupuncture.com/,meganlindseyacu@gmail.com,,,,,,,,,,,,,,,,,
http://www.menardacupuncture.com/,menardeast@gmail.com,,,,,,,,,,,,,,,,,
https://essentialmedi.com/,care@essentialmedi.com,,,,,,,,,,,,,,,,,
http://wrenacupuncture.com/,wrenacupuncture@gmail.com,,,,,,,,,,,,,,,,,
https://sotas-integrative-medicine.business.site/,,,,,,,,,,,,,,,,,,
https://www.scarletoakacupuncture.com/,jhicks@scarletoakacupuncture.com,,,,,,,,,,,,,,,,,
https://us4.campaign-archive.com/?u=410ba0503fdd125e7719c279e&id=a5c6bdc9b9/,,,,,,,,,,,,,,,,,,
http://www.cocommunityacupuncture.com/,anne@cocommunityacupuncture.com,,,,,,,,,,,,,,,,,
https://www.bigsunacupuncture.com/,bigsunacupuncture@gmail.com,,,,,,,,,,,,,,,,,
https://www.fountainacupuncturecary.com/,info@fountainacupuncturecary.com,someone@example.com,,,,,,,,,,,,,,,,
https://edithnunez.com/,webadmin@edithnunez.com,wellness@edithnunez.com,,,,,,,,,,,,,,,,
http://valentiacupuncture.com/,amanda@valentiacupuncture.com,,,,,,,,,,,,,,,,,
https://acupunctureavl.com/,lisa@acupunctureavl.com,info@acupunctureavl.com,,,,,,,,,,,,,,,,
http://acuvidaacupuncture.com/,zelina@acuvidaacupuncture.com,%20Zelina@AcuvidaAcupuncture.com,Zelina@acuvidaAcupuncture.com,20Zelina@AcuvidaAcupuncture.com,%20zelina@acuvidaacupuncture.com,20zelina@acuvidaacupuncture.com,,,,,,,,,,,,
https://threebestrated.com/acupuncture-in-buffalo-ny/,queencityhealthandwellness@gmail.com,hello@acubuffalo.com,acupunktrix@gmail.com,support@threebestrated.com,,,,,,,,,,,,,,
https://www.christaacupuncture.com/,christa.caputa@gmail.com,caputa@gmail.com,,,,,,,,,,,,,,,,
http://www.villageclassicalacupuncture.com/,villageclassicalacupuncture@gmail.com,,,,,,,,,,,,,,,,,
http://southflacupuncture.com/,,,,,,,,,,,,,,,,,,
http://www.deamani.com/,rosanna.deamani@gmail.com,deamani@gmail.com,,,,,,,,,,,,,,,,
https://www.awesomehealing.com/,veronica@awesomehealing.com,wixofday@wix.com,,,,,,,,,,,,,,,,
https://www.acu4u.com/,info@acu4u.com,,,,,,,,,,,,,,,,,
https://silverspringwellnessnyc.com/acupuncture/,silverspringwellnessnyc@gmail.com,,,,,,,,,,,,,,,,,
https://www.sevenseasacupuncture.com/,,,,,,,,,,,,,,,,,,
http://www.bluethistleacupuncture.com/,kate@bluethistleacupuncture.com,,,,,,,,,,,,,,,,,
https://www.mothermoonclinic.com/,mothermoonclinic@gmail.com,wixofday@wix.com,,,,,,,,,,,,,,,,
https://fujiiacupuncture.com/,,,,,,,,,,,,,,,,,,
https://www.coreacupunctureatlanta.com/,jennifer@coreacupunctureatlanta.com,,,,,,,,,,,,,,,,,
https://waterlooacupuncture.com/,ericaspencerACU@gmail.com,,,,,,,,,,,,,,,,,
https://www.loaacupuncture.com/,LOAAcupuncture@gmail.com,loaacupuncture@gmail.com,,,,,,,,,,,,,,,,
http://rosendaleacupuncture.com/,,,,,,,,,,,,,,,,,,
https://blumeacuwellness.com/,info@blumeacuwellness.com,youraddress@email.com,,,,,,,,,,,,,,,,
https://makariwellness.com/,,,,,,,,,,,,,,,,,,
https://www.solsticeacu.com/,soledad@solsticeacu.com,soleduffy@gmail.com,,,,,,,,,,,,,,,,
https://reliefacupuncturepa.com/,reliefacupuncturepa@gmail.com,%20reliefacupuncturepa@gmail.com,20reliefacupuncturepa@gmail.com,,,,,,,,,,,,,,,
https://www.danlingacupuncture.com/,,,,,,,,,,,,,,,,,,
https://summeracupuncture.com/,info@summeracupuncture.com,info@SummerAcupuncture.com,,,,,,,,,,,,,,,,
https://michiganacupuncturestudio.com/,MIAcupunctureStudio@gmail.com,,,,,,,,,,,,,,,,,
https://www.boxacupuncture.com/,aaron@boxacupuncture.com,info@boxacupuncture.com,,,,,,,,,,,,,,,,
https://linktr.ee/laacupuncturegroup/,,,,,,,,,,,,,,,,,,
https://www.balancedstonewellness.com/,balancedstoneacu@gmail.com,,,,,,,,,,,,,,,,,
http://www.jasmine-acupuncture.com/,acu@gmail.com,,,,,,,,,,,,,,,,,
https://www.eacuwell.com/,info@eacuwell.com,frontdesk@eacuwell.com,,,,,,,,,,,,,,,,
https://intercom.help/unifiedpractice/en/articles/2185854-how-to-use-acupuncture-protocols-what-is-protocol-stacking/,,,,,,,,,,,,,,,,,,
https://www.northwestfamilyacupuncture.com/,info@nwfamilyacupuncture.com,maria.hicks@nwfamilyacupuncture.com,hicks@nwfamilyacupuncture.com,,,,,,,,,,,,,,,
https://shifa.clinic/,,,,,,,,,,,,,,,,,,
http://www.sicarihealingarts.com/,,,,,,,,,,,,,,,,,,
https://www.acuforkids.com/,hello@acuforkids.com,,,,,,,,,,,,,,,,,
http://wholehealthforeveryone.com/,pia.mezzacappa@gmail.com,mezzacappa@gmail.com,,,,,,,,,,,,,,,,
https://www.parriswellness.com/,hello@parriswellness.com,,,,,,,,,,,,,,,,,
https://arrivereproductivemedicine.com/,annechiaramonte@gmail.com,Anne@arrivereproductivemedicine.com,,,,,,,,,,,,,,,,
https://pblocal.palmbeachpost.com/en/tampa-fl/local/.a_6.c_acupuncturist/,,,,,,,,,,,,,,,,,,
https://www.hereandnowacupuncture.com/,gunni.wellspring@hotmail.com,wellspring@hotmail.com,gunni.wellspring@gmail.com,wellspring@gmail.com,,,,,,,,,,,,,,
https://www.invigorateim.com/,drvu@invigorateim.com,lmtvu@invigorateim.com,,,,,,,,,,,,,,,,
https://www.chamberofcommerce.com/united-states/florida/saint-petersburg/acupuncture-and-acupressure/2011535526-loa-acupuncture/,,,,,,,,,,,,,,,,,,
http://lostlegacysystems.com/acupuncture-chinese-medicine/,,,,,,,,,,,,,,,,,,
http://momo-acupuncture-santacruz.com/,moraytis@me.com,,,,,,,,,,,,,,,,,
https://www.risingtideacupuncture.com/,sara@risingtideacupuncture.com,info@ebbandflowyoga.com,,,,,,,,,,,,,,,,
http://biglistofwebsites.com/list-top-websites-on-acupuncture/,,,,,,,,,,,,,,,,,,
https://www.sitelinks.info/carriedurkeeacupuncture.com/,,,,,,,,,,,,,,,,,,
http://www.edelweissacupuncture.com/,edelweissacupuncture@gmail.com,,,,,,,,,,,,,,,,,
https://www.tallahasseechinesemedicine.com/,,,,,,,,,,,,,,,,,,
https://www.2findlocal.com/b/13229133/loa-acupuncture-st-petersburg-fl/,loaacupuncture@gmail.com,kent1127313@gmail.com,,,,,,,,,,,,,,,,
https://www.terrencemonte.com/,terrencemonte@gmail.com,wixofday@wix.com,,,,,,,,,,,,,,,,
https://www.iglobal.co/united-states/search-category/acupuncture-clinic-flagstaff/,,,,,,,,,,,,,,,,,,
https://www.acupunctureinmotion.com/,info@acupunctureinmotion.com,,,,,,,,,,,,,,,,,
https://www.tociwellness.com/,info@tociwellness.com,liamtarpey@gmail.com,,,,,,,,,,,,,,,,
https://www.acupuncturenewrochelle.com/contact/,acupuncturenewrochelle@gmail.com,,,,,,,,,,,,,,,,,
https://www.berkeley-acupuncture.com/services/chinese-herbal-medicine/,nikole@berkeley-acupuncture.com,deanna@berkeley-acupuncture.com,treasure@berkeley-acupuncture.com,christina@berkeley-acupuncture.com,nikolemaxey@gmail.com,Christina@berkeley-acupuncture.com,info@berkeley-acupuncture.com,,,,,,,,,,,
https://aveacu.com/,avenueacupuncture@gmail.com,,,,,,,,,,,,,,,,,
https://nohoacupuncture.com/,bart@heavenlywell.nyc,bart@nohoacupuncture.com,,,,,,,,,,,,,,,,
https://www.yasabe.com/en/astoria-or/local/.c_acupuncturist/,feedback@yasabe.com,,,,,,,,,,,,,,,,,
https://www.americantowns.com/seminole-fl/yp/acupuncture-and-acupressure/,,,,,,,,,,,,,,,,,,
https://www.staceyaustinacu.com/,,,,,,,,,,,,,,,,,,
https://www.avonacupuncture.com/,jen.tartakoff@gmail.com,tartakoff@gmail.com,,,,,,,,,,,,,,,,
http://www.zoeticacupuncture.com/,info@zoeticacupuncture.com,miriam@zoeticacupuncture.com,,,,,,,,,,,,,,,,
https://site-stats.org/unifiedpractice.zendesk.com/,abusecomplaints@markmonitor.com,abuse@godaddy.com,abuse@web.com,abuse@namecheap.com,contact@publicdomainregistry.com,abuse@ionos.com,legal@fastdomain.com,someone@example.com,poc@amazon.com,noc@cloudflare.com,compliance@google.com,team@endurance.com,contact@amazon.com,abuse@amazonaws.com,ipadmin@liquidweb.com,hostmaster@datafoundry.com,net@squarespace.com,help@acme.com
https://www.sportsmedicineacupuncture.com/partners/,janet@scribaceous.com,acusportinfo@gmail.com,astobbe.smac@gmail.com,smac@gmail.com,acusportorg@gmail.com,brian@sportsmedicineacupuncture.com,elisabeth@sportsmedicineacupuncture.com,ian@sportsmedicineacupuncture.com,iand@sportsmedicineacupuncture.com,,,,,,,,,
http://www.oriental-rose.net/,information@oriental-rose.net,,,,,,,,,,,,,,,,,
https://www.findatopdoc.com/Expert/82735214-Kim-Peirano/7-herbs-and-supplements-for-your-most-radiant-skin/,username@example.com,,,,,,,,,,,,,,,,,
http://attuneacupuncture.org/,tracey@attuneacupuncture.org,,,,,,,,,,,,,,,,,
https://app.crayon.co/f/b2b-services/email-capture/pricing-page/wordpress/,goodtimes@crayon.co,sales@crayon.co,careers@crayon.co,,,,,,,,,,,,,,,
https://www.cylex.us.com/saint-petersburg/acupuncture.html/,info@cylex-usa.com,,,,,,,,,,,,,,,,,
https://neurosportacupuncture.com/,jsmith@neurosportacupuncture.com,,,,,,,,,,,,,,,,,
https://empireacupunctureclinic.com/,hello@empireacupunctureclinic.com,,,,,,,,,,,,,,,,,
https://www.golocal247.com/b/saint-petersburg-fl/tags/,webmaster@golocal247.com,,,,,,,,,,,,,,,,,
https://blueheronacupuncturevt.com/,christina@blueheronacupuncturevt.com,,,,,,,,,,,,,,,,,
https://www.karahainesacu.com/index.php/about/,,,,,,,,,,,,,,,,,,
http://www.osce.gob.pe/both_p_rise.asp?acupuncture-charting-software/,,,,,,,,,,,,,,,,,,
https://durangoacupunctureclinic.com/,meganelott@gmail.com,Meganelott@gmail.com,,,,,,,,,,,,,,,,
https://kontactr.com/website/site/unifiedpractice.com/,,,,,,,,,,,,,,,,,,
https://www.columbusherbsandacupuncture.com/,,,,,,,,,,,,,,,,,,
https://www.chariswolfacupuncture.com/,,,,,,,,,,,,,,,,,,
https://www.tcmclinic.org/contact/,tcmclinic@tcmclinic.org,dayna@tcmclinic.org,monique@tcmclinic.org,korin@tcmclinic.org,,,,,,,,,,,,,,
https://www.redsageacupuncture.com/,admin@redsageacupuncture.com,,,,,,,,,,,,,,,,,
https://www.harvestacu.com/,info@harvestacu.com,,,,,,,,,,,,,,,,,
https://www.robertyoungsacupuncture.com/appointments/,Robert@RobertYoungsAcupuncture.com,robert@robertyoungsacupuncture.com,Assistant@RobertYoungsAcupuncture.com,,,,,,,,,,,,,,,
https://www.acupuncturehealingcorner.com/,info@acupuncturehealingcorner.com,cori@acupuncturehealingcorner.com,drdewbre@acupuncturehealingcorner.com,,,,,,,,,,,,,,,
https://newweb.irishlife.ie/ThousandOaksAcupunctureResources.html/,,,,,,,,,,,,,,,,,,
https://www.withinsf.com/,info@withinsf.com,nfo@withinsf.com,wixofday@wix.com,heather@withinsf.com,,,,,,,,,,,,,,
http://www.ahimsaacupuncture.com/,christine@ahimsaacupuncture.com,,,,,,,,,,,,,,,,,
https://www.pacificnorthwestacupuncture.com/,lacey@pnwacupuncture.com,,,,,,,,,,,,,,,,,
https://www.anandastevenson.info/,,,,,,,,,,,,,,,,,,
http://kerijoneschinesemedicine.com/,KeriJonesChineseMedicine@gmail.com,,,,,,,,,,,,,,,,,
https://www.lauramckinleyacupuncture.com/,lauramckinleyacupuncture@gmail.com,laura@LauraMcKinleyAcupuncture.com,,,,,,,,,,,,,,,,
https://www.keyword-suggest-tool.com/search/unifiedpractice.com/,support@uniphyhealth.com,you@company.com,hello@unifiedpractice.com,,,,,,,,,,,,,,,
https://sparkwellnessct.com/,caroline@sparkwellnessct.com,,,,,,,,,,,,,,,,,
http://www.vailvalleywellness.com/cosmetic-acupuncture/,info@vailvalleywellness.com,,,,,,,,,,,,,,,,,
https://find-open.com/encinitas/acupuncturists-acupuncture-clinics/,attacu@sbcglobal.net,,,,,,,,,,,,,,,,,
https://ebbflowacupuncture.com/,tracey@ebbflowacupuncture.com,,,,,,,,,,,,,,,,,
https://prismacupuncture.com/about/about-prism-integrative-acupuncture/,katrina@prismwellness.org,,,,,,,,,,,,,,,,,
https://advanicenter.com/,,,,,,,,,,,,,,,,,,
http://www.marysaboacupuncture.com/appointment/,info@marysaboacupuncture.com,,,,,,,,,,,,,,,,,
https://tothepointacu.co/,info@tothepointacu.co,,,,,,,,,,,,,,,,,
https://blueroothealth.com/about-our-head-physician-dr-soto/,,,,,,,,,,,,,,,,,,
https://stats-site.com/ehr.unifiedpractice.com/,,,,,,,,,,,,,,,,,,
https://www.placupuncture.com/treatments/acupuncture/,Info@PLAcuHypno.com,,,,,,,,,,,,,,,,,
https://greenroadsacupuncture.com/,greeneacupuncture@gmail.com,impallari@gmail.com,mail@iginomarini.com,team@latofonts.com,,,,,,,,,,,,,,
https://www.daolnwod.com/unified-practice---ehr-agenda.html/,,,,,,,,,,,,,,,,,,
https://www.elenaperezlac.com/,,,,,,,,,,,,,,,,,,
https://www.redlotushealth.com/,jenni@redlotushealth.com,tia@redlotushealth.com,,,,,,,,,,,,,,,,
https://www.restoring-balance.com/acupuncture.html/,michelle@blueskyacu.com,info@restoring-balance.com,unityacupunctureclinic@gmail.com,,,,,,,,,,,,,,,
https://soundacuhealth.com/,soundacuhealthllc@gmail.com,,,,,,,,,,,,,,,,,
https://www.suncollectivenyc.com/blog/2018/10/2/herbs-for-anxiety-with-sweet-beet-acupuncture/,suncollectiveshop@gmail.com,jacqueline@sweetbeetacupuncture.com,jacqueline@sweetbeetandgreenbean.net,,,,,,,,,,,,,,,
https://www.au-e.com/search/acusportstherapy/,,,,,,,,,,,,,,,,,,
http://www.tampabayholisticwellness.com/pricing/acupuncture-treatment-return-patient-only/,information@wholebetterlife.com,,,,,,,,,,,,,,,,,
https://www.harmonywellnesscenter.com/gift-certificate/,info@harmonywellnesscenter.com,,,,,,,,,,,,,,,,,
https://941wellness.com/srq-community-acupuncture/,,,,,,,,,,,,,,,,,,
https://www.charmcityhealing.com/schedule-an-appointment.html/,info@charmcityhealing.com,,,,,,,,,,,,,,,,,
https://www.e-acuwell.com/about-us/,,,,,,,,,,,,,,,,,,
https://www.triharmony.org/,info@triharmony.org,wixofday@wix.com,,,,,,,,,,,,,,,,
https://www.wchacupuncture.com/,support@schedulista.com,wchacupuncture@gmail.com,wixofday@wix.com,,,,,,,,,,,,,,,
https://heartoftheforestacupuncture.com/,heartoftheforestacupuncture@gmail.com,,,,,,,,,,,,,,,,,
http://www.kwanacupuncture.com/,aaron@kwanacupuncture.com,,,,,,,,,,,,,,,,,
https://www.rootedhealthacu.com/,brian@rootedhealthacu.com,,,,,,,,,,,,,,,,,
https://www.woodandwateracupuncture.com/transformational-acupuncture/,dr.shannawood@gmail.com,shannawood@gmail.com,,,,,,,,,,,,,,,,
https://www.tamrynstorm.com/,tamrynstorm@mac.com,acupuncture@tamrynstorm.com,,,,,,,,,,,,,,,,
https://www.keyfora.com/search/unified-practice-login/,support@uniphyhealth.com,,,,,,,,,,,,,,,,,
https://piquebh.com/covid-19-acupuncture-chinese-herbs-boost-immune-system/,thepiqueexperience@gmail.com,info@piquebh.com,,,,,,,,,,,,,,,,
https://www.infolinks.top/ebbflowacupuncture.com/,,,,,,,,,,,,,,,,,,
https://webptt.com/cn.aspx?n=bbs/Soft_Job/M.1575602772.A.A8F.html/,,,,,,,,,,,,,,,,,,
https://www.dou-yoga.com/acupuncture/,info@dou-yoga.com,,,,,,,,,,,,,,,,,
http://www.soluheal.com/schedule-appointment/,jack@soluheal.com,,,,,,,,,,,,,,,,,
https://www.doublehappinesshealth.com/dhhblog/2015/11/14/breaking-up-with-pms/,info@doublehappinesshealth.com,,,,,,,,,,,,,,,,,
https://www.breatheeasywellness.com/,info@breatheeasywellness.com,,,,,,,,,,,,,,,,,
http://www.acupuncturejacksonville.net/massage/,,,,,,,,,,,,,,,,,,
https://www.keyworddensitychecker.com/search/bartelt-acupuncture/,,,,,,,,,,,,,,,,,,
http://www.adelereising.com/articles/category/home-remedies/,info@adelereising.com,,,,,,,,,,,,,,,,,
https://www.giftguidemaine.com/body-wellness/initial-acupuncture-session/,info@giftguidemaine.com,info@mainegiftguide.com,,,,,,,,,,,,,,,,
https://www.keyelementacupuncture.com/,autumn@keyelementacupuncture.com,,,,,,,,,,,,,,,,,
https://happyhealthylife.me/acupuncture-bodywork/,info@happyhealthylife.me,,,,,,,,,,,,,,,,,
https://salonrepublic.com/find-a-beauty-professional/listing/natural-life-acupuncture-and-holistic-medicine/,,,,,,,,,,,,,,,,,,
https://www.whacupuncture.com/our-team/,jill@WHacupuncture.com,konstandina@WHacupuncture.com,konstandina@konstandina.com,info@aoma.edu,,,,,,,,,,,,,,
https://www.limbicacupuncture.com/book-online/,diana@drdianayang.com,,,,,,,,,,,,,,,,,
https://www.redwoodcoastacupuncture.com/,,,,,,,,,,,,,,,,,,
http://www.reaveschiro.com/dr-joanna-reaves/joslynn-adams/,info@reaveschiro.com,drreaves@reaveschiro.com,,,,,,,,,,,,,,,,
https://www.lifewellnesscenter.life/acupuncture/,hello@lifewellnesscenter.life,,,,,,,,,,,,,,,,,
https://new.drugandalcohol24-7.com/,,,,,,,,,,,,,,,,,,
https://www.followsite.net/www.unifiedpractice.com/,,,,,,,,,,,,,,,,,,
https://www.compassacu.com/,contact@compassacu.com,,,,,,,,,,,,,,,,,
https://www.thevitalcompass.com/alison-loercher-lac/,thevitalcompass@gmail.com,info@thevitalcompass.com,,,,,,,,,,,,,,,,
https://www.radiantacu.com/,info@radiantacu.com,,,,,,,,,,,,,,,,,
http://caresi.rezon.co/digital-form-of-patient-chart/,,,,,,,,,,,,,,,,,,
https://www.thewholesomelotusfertility.com/benefits/,,,,,,,,,,,,,,,,,,
https://selbyacupuncture.com/wellness-blog/window-to-the-shen-how-we-use-the-eyes-in-diagnosis/, info@selbyacupuncture.com,info@selbyacupuncture.com,,,,,,,,,,,,,,,,
http://www.chinainstitute.com/acupuncture-minnesota-services/,health@chinainstitute.com,unsubscriberequest@constantcontact.com,,,,,,,,,,,,,,,,
http://mortonacupuncture.com/,acumorton@gmail.com,,,,,,,,,,,,,,,,,
https://www.rosemontwellness.com/sixbranches/,hello@rosemontwellness.com,,,,,,,,,,,,,,,,,
https://www.websiteperu.com/search/fullscript-cbd/,,,,,,,,,,,,,,,,,,
http://www.truehealthacupuncture.com/testimonials.html/,,,,,,,,,,,,,,,,,,
https://www.omniwellnessnyc.com/acupuncture/,marcgian@gmail.com,momoko.uno@gmail.com,omniwellnessnyc@gmail.com,uno@gmail.com,,,,,,,,,,,,,,
https://sourceforwellbeing.com/acupuncture/,Conner@SourceForWellBeing.com,,,,,,,,,,,,,,,,,
http://www.merakiwellnessca.com/blog/2016/6/13/the-acupuncture-facelift/,,,,,,,,,,,,,,,,,,
https://morningcrane.com/effectiveness-of-acupuncture-â€‹by-brenda-billings-m-sc/,,,,,,,,,,,,,,,,,,
https://willowbirthcenteraz.com/wellness/,info@willowbirthcenteraz.com,centralinfo@willowbirthcenteraz.com,,,,,,,,,,,,,,,,
http://espritacupuncture.com/,,,,,,,,,,,,,,,,,,
https://ancientfern.com/acupuncture/,Sarah@ancientfern.com,Tim@ancientfern.com,,,,,,,,,,,,,,,,
https://www.maryheavenacupuncture.com/breathwork-1/,mary@maryheavenacupuncture.com,,,,,,,,,,,,,,,,,
http://www.gothamcityacupuncture.com/covid-19/,info@gothamcityacupuncture.com,,,,,,,,,,,,,,,,,
http://alignacupuncturemt.com/,,,,,,,,,,,,,,,,,,
https://www.livinglifelessordinary.com/blog/acupuncture/,sdrazner@gmail.com,,,,,,,,,,,,,,,,,
http://larkacu.com/contact/,tori@larkacu.com,,,,,,,,,,,,,,,,,
https://www.orchidchinesemedicine.com/milwaukee-acupuncture-fertility-blog/,,,,,,,,,,,,,,,,,,
https://www.shireacupuncture.com/,info@shireacupuncture.com,,,,,,,,,,,,,,,,,
https://www.intuitivehealingacu.com/,Pier@IntuitiveHealingAcu.com,,,,,,,,,,,,,,,,,
https://www.treeofqi.com/,info@treeofqi.com,appointments@treeofqi.com,,,,,,,,,,,,,,,,
https://halfmoonseattle.com/michele-miller/,halfmoonpilates@mac.com,halfmoonacu@mac.com,,,,,,,,,,,,,,,,
https://www.lilyandhorn.com/journal/2014/1/23/why-deserts-matter-too-3c6g5/,info@lilyandhorn.com,,,,,,,,,,,,,,,,,
https://rosebudwellness.com/community-acupuncture/,Holly@RosebudWellness.com,,holly@rosebudwellness.com,,,,,,,,,,,,,,,
https://www.watershedwellnessastoria.com/tag/acupuncturists/,info@nullwatershedwellnessastoria.com,,,,,,,,,,,,,,,,,
http://8pointwellness.com/blog/2018/8/3/how-acupuncture-can-help-for-shin-splints/,,,,,,,,,,,,,,,,,,
https://liccomacu.com/newsletter/2019/1/16/acupuncture-and-chinese-herbal-medicine-provides-mental-health-support/,email@liccomacu.com,,,,,,,,,,,,,,,,,
https://members.csccrchamber.com/list/member/acupuncture-herbs-nutrition-integrative-medicine-us-5091/,info@csccrchamber.com,info@csrchamber.com,info@cschamber.com,,,,,,,,,,,,,,,
https://www.essentialwellnesscm.com/acupuncture/,cmoodylac@gmail.com,,,,,,,,,,,,,,,,,
https://www.gentlepoint.org/schedule/,office@gentlepoint.org,,,,,,,,,,,,,,,,,
http://www.w-macupunctureofsantacruz.com/,wmacupuncture@gmail.com,,,,,,,,,,,,,,,,,
https://phillymindbodyacupuncture.com/cupping/,,,,,,,,,,,,,,,,,,
http://www.dynamicpoints.com/,info@asianhealingtraditions.com,,,,,,,,,,,,,,,,,
http://www.inhandacupuncture.com/services/,Inhandacupuncture@gmail.com,,,,,,,,,,,,,,,,,
https://acusports.development-and-preview.com/,holly@acusports.development-and-preview.com,holly@acusportstherapy.net,,,,,,,,,,,,,,,,
https://www.helleracupuncture.com/,acuheller@yahoo.com,wixofday@wix.com,,,,,,,,,,,,,,,,
http://acupuncturetamarac.com/blog/,,,,,,,,,,,,,,,,,,
https://sagewellnesscenter.org/acupuncture/pregnancy-acupuncture/,info@sagewellnesscenter.org,,,,,,,,,,,,,,,,,
https://www.foyacupuncture.com/,FOYAcupuncture@gmail.com,wixofday@wix.com,,,,,,,,,,,,,,,,
https://anjunamedicine.com/sports-acupuncture/,info@anjunamedicine.com,,,,,,,,,,,,,,,,,
https://corcasleepcenter.com/acupuncture-facial-rejuvenation/,info@corcacenter.com,,,,,,,,,,,,,,,,,
https://www.rockawayacupuncture.com/telehealth-consults/,rockawayacupuncture@gmail.com,,,,,,,,,,,,,,,,,
https://www.bleeckerstreetwellness.com/bart-beckermann/,info@bleeckerstreetwellness.com,,,,,,,,,,,,,,,,,
http://www.derrickmcbride.com/about/,,,,,,,,,,,,,,,,,,
https://acusophy.com/insurance/,,,,,,,,,,,,,,,,,,
https://www.acusalida.com/,salidaacupuncture@gmail.com,wixofday@wix.com,,,,,,,,,,,,,,,,
https://howyouheal.com/tag/acupuncture/,hello@howyouheal.com,,,,,,,,,,,,,,,,,
https://www.benergetics.com/ourmission/,,,,,,,,,,,,,,,,,,
https://www.customcraftedkeywords.com/site/sweetbeetacupuncture.com/,,,,,,,,,,,,,,,,,,
https://wholefamilymd.org/services/acupuncture/,reception@wholefamilymd.org, reception@wholefamilymd.org,,,,,,,,,,,,,,,,
http://skamaniaacupuncture.com/contact/,tom@skamaniaacupuncture.com,,,,,,,,,,,,,,,,,
https://www.hpjax.com/pediatric-acupuncture/,info@hpjax.com,,,,,,,,,,,,,,,,,
https://www.wellforestacupuncture.com/terms-of-use-privacy-policy/,kecia@wellforestacupuncture.com,,,,,,,,,,,,,,,,,
https://maria-mulcahy.squarespace.com/general-booking/,shelbiabailor@gmail.com,maria@gmail.com,,,,,,,,,,,,,,,,
https://www.linkddl.com/search/unified-practice-login/,support@uniphyhealth.com,,,,,,,,,,,,,,,,,
https://www.greensiteinfo.com/search/acupuncture+practice+management+software/,pteam@kerndhs.com,Pteam@kerndhs.com,sinisavuk@opptrends.com,Sinisavuk@opptrends.com,email@antheminc.com,Email@antheminc.com,otaostore@outlook.com,Otaostore@outlook.com,lovescetsales@loves.com,Lovescetsales@loves.com,,,,,,,,
https://lararosenthal.com/blog/we-are-open-again/,info@lararosenthal.com,,,,,,,,,,,,,,,,,
https://www.freekeyworddifficultytool.com/find/unified-practice-login/,support@uniphyhealth.com,,,,,,,,,,,,,,,,,
https://members.csrchamber.com/list/member/acupuncture-herbs-nutrition-integrative-medicine-us-5091/,info@csccrchamber.com,info@csrchamber.com,info@cschamber.com,,,,,,,,,,,,,,,
http://www.nycacupuncture.com/index.php/47-live-links/,turningpointoffice@verizon.net,office@turningpointacupuncture.com,,,,,,,,,,,,,,,,
https://empowerchiroacu.com/book-now/,empowerchiroacu@gmail.com,hello@empowerchiroacu.com,,,,,,,,,,,,,,,,
https://athenaacupuncture.me/,athenaacupuncture@gmail.com,,,,,,,,,,,,,,,,,
https://www.totemacupuncture.com/fertility/,,,,,,,,,,,,,,,,,,
https://www.theeastwestco.com/acupunctureri.html/,hello@theeastwestco.com,,,,,,,,,,,,,,,,,
https://healcove.com/acupuncture/,info@healcove.com,,,,,,,,,,,,,,,,,
https://www.onpointacuvt.com/,whitney@onpointacuvt.com,,,,,,,,,,,,,,,,,
https://www.cicadaacupuncture.com/cupping-and-tui-na-1/,dedesandberg@gmail.com,,,,,,,,,,,,,,,,,
https://terrahealthcollective.com/acupuncture/,,,,,,,,,,,,,,,,,,
https://accentonhealthwellness.com/pain-thoracic-outlet-syndrome/,,,,,,,,,,,,,,,,,,
https://www.baysunflower.com/,alice@baysunflower.com,,,,,,,,,,,,,,,,,
https://english.chilam.com/ThousandOaksAcupunctureResources.html/,,,,,,,,,,,,,,,,,,
https://andersonvilleacupuncturestudio.com/our-story/,shelbiabailor@gmail.com,maria@gmail.com,,,,,,,,,,,,,,,,
https://klarabrown.com/pages/emotional-health/,,,,,,,,,,,,,,,,,,
http://turningpointacupuncture.com/?gj6=dxxc985tty/,,,,,,,,,,,,,,,,,,
https://wellculture.co/the-attic-loft/,hi@wellculture.co,,,,,,,,,,,,,,,,,
https://carolinaspineandsportsc.com/acupuncture/,info@carolinaspineandsportsc.com,,,,,,,,,,,,,,,,,
http://www.wfaclinic.com/,info@wfaclinic.com,,,,,,,,,,,,,,,,,
https://chrystalclinic.com/blog/thursday-night-acupuncture-nada-stress-relief-night-in-sycamore/,,,,,,,,,,,,,,,,,,
https://www.acupuncturephysiciansgroup.com/ems/,KimBociek@gmail.com,,,,,,,,,,,,,,,,,
https://www.websitekeywordchecker.com/search/unified-practice-login/,support@uniphyhealth.com,,,,,,,,,,,,,,,,,
http://www.barteltacupuncture.com/services.html/,,,,,,,,,,,,,,,,,,
https://www.fixpm.com/services/,,,,,,,,,,,,,,,,,,
https://www.moovvital.com/category/acupuncture/,webmaster@moovvital.com,,,,,,,,,,,,,,,,,
https://springsnaturalhealing.com/,,,,,,,,,,,,,,,,,,
https://elanacupuncture.com/health-well-news/seasonal-health-winter-and-your-kidneys/,,,,,,,,,,,,,,,,,,
https://www.w3use.com/website/unifiedpractice.com/,,,,,,,,,,,,,,,,,,
https://www.vitalityacupunctureclinic.com/about.php/,,,,,,,,,,,,,,,,,,
https://cortezacupuncture.com/booking/,bhawes@cortezacupuncture.com,,,,,,,,,,,,,,,,,
http://www.marleejackson.com/acupuncture/,contact@marleejackson.com,,,,,,,,,,,,,,,,,
https://www.nicolelaurenacu.com/wellness-acupuncture/,nicolelaurenacu@gmail.com,,,,,,,,,,,,,,,,,
https://www.acupuncturefayetteville.com/schedule/,info@activelifefayetteville.com,,,,,,,,,,,,,,,,,
http://mazar.trinitykck.org/digital-form-of-patient-chart/,thermodynamic1992@yandex.com,,,,,,,,,,,,,,,,,
https://www.sixbranchesacupuncture.com/acupuncture-for-children/,,,,,,,,,,,,,,,,,,
https://www.loomispivot.com/,,,,,,,,,,,,,,,,,,
http://www.gaffneyhealing.com/acupuncture/acupuncture-can-help-treat-autoimmune-disorders/,,,,,,,,,,,,,,,,,,
https://www.freedirectorysite.com/search/unified-practice-login/,support@uniphyhealth.com,,,,,,,,,,,,,,,,,
http://resodoc.org/medical-charting-ipad/,thermodynamic1992@yandex.com,,,,,,,,,,,,,,,,,
https://www.mpacupuncture.com/practitioners/adrienne-suess/,info@mpacupuncture.com,john@doe.com,,,,,,,,,,,,,,,,
https://www.seasideacupuncture.com/contact/,lisa@seasideacupuncture.com,AvenAcupunture@Gmail.com,karnsjenny@gmail.com,danischroeder67@gmail.com,,,,,,,,,,,,,,
https://www.keyosa.com/search/unified-practice-login/,support@uniphyhealth.com,,,,,,,,,,,,,,,,,
https://www.achievinghealthclinic.com/blog/categories/acupuncture/,,,,,,,,,,,,,,,,,,
https://www.sandramckay.com/category/testimonials/,,,,,,,,,,,,,,,,,,
https://www.urlbacklinks.com/search/unified-practice-login/,support@uniphyhealth.com,,,,,,,,,,,,,,,,,
https://www.avenacupuncture.com/,,,,,,,,,,,,,,,,,,
https://laacupuncturegroup.com/,LAacupuncturegroup@gmail.com,,,,,,,,,,,,,,,,,
https://www.keywordresearchinc.com/find/acusportstherapy/,,,,,,,,,,,,,,,,,,
https://pointsforhealth.org/,drmoore@pointsforhealth.org,,,,,,,,,,,,,,,,,
https://damianacorca.com/tag/boulder-acupuncture/,damiana@damianacorca.com,,,,,,,,,,,,,,,,,
https://www.aculinks.com/oregon-health-plan.html/,kongl@aculinks.com,,,,,,,,,,,,,,,,,
https://www.nichesitemastery.com/site/unifiedpractice.com/,abuse@godaddy.com,,,,,,,,,,,,,,,,,
http://seedoflifeacupuncture.com/schedule/,hello@seedoflifeacupuncture.com,,,,,,,,,,,,,,,,,
https://acupuncturemiamidade.com/make-appointment/,acudoc.miami@gmail.com ,acudoc.miami@gmail.com,info@acupuncturemiamidade.com,miami@gmail.com,,,,,,,,,,,,,,
https://www.tlcacu.com/our-acupuncture-story/,,,,,,,,,,,,,,,,,,
https://wellwomanacupunctureboulder.com/acupuncture-as-an-alternative-to-the-flu-shot-to-stay-healthy-through-cold-flu-season/,info@wellwomanacu.com,wellwomanacu@gmail.com,,,,,,,,,,,,,,,,
https://roxybarber.com/blog/injection-therapy-biopuncture/anti-aging-collagen-homeopathic-facial-injections-florida/,,,,,,,,,,,,,,,,,,
https://www.nicoledelorey.com/contact/,,,,,,,,,,,,,,,,,,
https://www.alimodell.com/acupuncture/,amodellwellness@gmail.com,,,,,,,,,,,,,,,,,
https://mail.rayfieldmedical.com.ng/,,,,,,,,,,,,,,,,,,
http://www.pinpointperformance.training/home-2/homex/home-2/podcast/p4-ep-17-steve-knobler-2/,,,,,,,,,,,,,,,,,,
https://carbonfeather.co/book-appointment/,amy@carbonfeatherdenver.com,,,,,,,,,,,,,,,,,
https://bestappsfinder.com/best-acupuncture-app/,contact.bestappsfinder@gmail.com,bestappsfinder@gmail.com,,,,,,,,,,,,,,,,
https://laurahoffmanacu.com/,info@laurahoffmanacu.com,,,,,,,,,,,,,,,,,
https://www.elizabethwildeacupuncture.com/,info@elizabethwildeacupuncture.com,wixofday@wix.com,,,,,,,,,,,,,,,,
https://jasmine-moran.squarespace.com/,acu@gmail.com,,,,,,,,,,,,,,,,,
https://www.marywoodsacupuncture.com/contact-us/,,,,,,,,,,,,,,,,,,
https://acu585.com/blog/2018/1/29/acupuncture-a-natural-evidence-based-alternative-to-opioids-for-chronic-pain-management-/,info@acu585.com,,,,,,,,,,,,,,,,,
http://www.8branches.com/student-acupuncture-clinic/,,,,,,,,,,,,,,,,,,
https://35.209.89.83/,,,,,,,,,,,,,,,,,,
https://raven-acupuncture.com/,,,,,,,,,,,,,,,,,,
https://www.integrativesports.com/resources/tag/Acupuncture/,info@integrativesports.com,,,,,,,,,,,,,,,,,
https://www.alquimiawellness.com/,info@alquimiawellness.com,,,,,,,,,,,,,,,,,
https://hoadaherbs.com/pages/acupuncture/,,,,,,,,,,,,,,,,,,
http://www.nourishinglifewellness.com/rewind-time-with-acupuncture-facial-rejuvenation/,info@nourishinglifewellness.com,,,,,,,,,,,,,,,,,
http://www.netlocity.com/ear-piercing-acupuncture-benefits.html/,,,,,,,,,,,,,,,,,,
https://rafdalacu.com/,,,,,,,,,,,,,,,,,,
https://acupuncturenewrochelle.squarespace.com/contact/,acupuncturenewrochelle@gmail.com,,,,,,,,,,,,,,,,,
https://desertoasisacupuncture.com/,info@desertoasisacupuncture.com,,,,,,,,,,,,,,,,,
https://www.morningsideacupuncturenyc.com/contact/,teddy@morningsideacupuncturenyc.com,andie@morningsideacupuncturenyc.com,Teddy@MorningsideAcupunctureNYC.com,Teddy@morningsideacupuncturenyc.com,Andie@morningsideacupuncturenyc.com,,,,,,,,,,,,,